<?xml version="1.0" encoding="utf-8"?>
<extension type="component" method="upgrade">
	<name>com_banhangs</name>
	<author>Joomla! Project</author>
	<creationDate>April 2006</creationDate>
	<copyright>(C) 2006 Open Source Matters, Inc.</copyright>
	<license>GNU General Public License version 2 or later; see LICENSE.txt</license>
	<authorEmail>admin@joomla.org</authorEmail>
	<authorUrl>www.joomla.org</authorUrl>
	<version>4.0.0</version>
	<description>COM_BANHANGS_XML_DESCRIPTION</description>
	<namespace path="src">Joomla\Component\Banhangs</namespace>
	<install> <!-- Runs on install -->
		<sql>
			<file driver="mysql" charset="utf8">sql/install.mysql.utf8.sql</file>
		</sql>
	</install>
	<uninstall> <!-- Runs on uninstall -->
		<sql>
			<file driver="mysql" charset="utf8">sql/uninstall.mysql.utf8.sql</file>
		</sql>
	</uninstall>
	<files folder="site">
		<folder>helpers</folder>
		<folder>src</folder>
		<folder>tmpl</folder>
	</files>
	<languages folder="site">
		<language tag="en-GB">language/en-GB/com_banhangs.ini</language>
	</languages>
	<media destination="com_banhangs" folder="media">
		<folder>js</folder>
	</media>
	<administration>
		<menu img="class:banhangs">com_banhangs</menu>
		<submenu>
			<!--
				Note that all & must be escaped to &amp; for the file to be valid
				XML and be parsed by the installer
			-->
			<menu link="option=com_banhangs" view="feeds" img="class:rss"
				alt="Banhangs/Feeds">com_banhangs_feeds</menu>
			<menu link="option=com_categories&amp;extension=com_banhangs"
				view="categories" img="class:banhangs-cat" alt="Banhangs/Categories">com_banhangs_categories</menu>
		</submenu>
		<files folder="admin">
			<filename>access.xml</filename>
			<filename>config.xml</filename>
			<filename>banhangs.xml</filename>
			<folder>forms</folder>
			<folder>helpers</folder>
			<folder>services</folder>
			<folder>sql</folder>
			<folder>src</folder>
			<folder>tmpl</folder>
		</files>
		<languages folder="admin">
			<language tag="en-GB">language/en-GB/com_banhangs.ini</language>
			<language tag="en-GB">language/en-GB/com_banhangs.sys.ini</language>
		</languages>
	</administration>
</extension>
